,Country,Province,City,Code
0,中国,北京,东城,001011001
1,中国,北京,西城,001011002
2,中国,北京,崇文,001011003
3,中国,北京,宣武,001011004
4,中国,北京,朝阳,001011005
5,中国,北京,丰台,001011006
6,中国,北京,石景山,001011007
7,中国,北京,海淀,001011008
8,中国,北京,门头沟,001011009
9,中国,北京,房山,001011011
10,中国,北京,通州,001011012
11,中国,北京,顺义,001011013
12,中国,北京,昌平,001011014
13,中国,北京,大兴,001011015
14,中国,北京,怀柔,001011016
15,中国,北京,平谷,001011017
16,中国,北京,密云,001011028
17,中国,北京,延庆,001011029
18,中国,天津,和平区,001012001
19,中国,天津,河东区,001012002
20,中国,天津,河西区,001012003
21,中国,天津,南开区,001012004
22,中国,天津,河北区,001012005
23,中国,天津,红桥区,001012006
24,中国,天津,塘沽区,001012007
25,中国,天津,汉沽区,001012008
26,中国,天津,大港区,001012009
27,中国,天津,东丽区,001012010
28,中国,天津,西青区,001012011
29,中国,天津,津南区,001012012
30,中国,天津,北辰区,001012013
31,中国,天津,武清区,001012014
32,中国,天津,宝坻区,001012015
33,中国,天津,宁河县,001012021
34,中国,天津,静海县,001012023
35,中国,天津,蓟县,001012025
36,中国,天津,滨海新区,001012026
37,中国,天津,保税区,001012027
38,中国,河北,石家庄,001013001
39,中国,河北,唐山,001013002
40,中国,河北,秦皇岛,001013003
41,中国,河北,邯郸,001013004
42,中国,河北,邢台,001013005
43,中国,河北,保定,001013006
44,中国,河北,张家口,001013007
45,中国,河北,承德,001013008
46,中国,河北,沧州,001013009
47,中国,河北,廊坊,001013010
48,中国,河北,衡水,001013011
49,中国,山西,太原,001014001
50,中国,山西,大同,001014002
51,中国,山西,阳泉,001014003
52,中国,山西,长治,001014004
53,中国,山西,晋城,001014005
54,中国,山西,朔州,001014006
55,中国,山西,晋中,001014007
56,中国,山西,运城,001014008
57,中国,山西,忻州,001014009
58,中国,山西,临汾,001014010
59,中国,山西,吕梁,001014023
60,中国,内蒙古,呼和浩特,001015001
61,中国,内蒙古,包头,001015002
62,中国,内蒙古,乌海,001015003
63,中国,内蒙古,赤峰,001015004
64,中国,内蒙古,通辽,001015005
65,中国,内蒙古,鄂尔多斯,001015006
66,中国,内蒙古,呼伦贝尔,001015007
67,中国,内蒙古,兴安盟,001015022
68,中国,内蒙古,锡林郭勒盟,001015025
69,中国,内蒙古,乌兰察布市,001015026
70,中国,内蒙古,巴彦淖尔盟,001015028
71,中国,内蒙古,阿拉善盟,001015029
72,中国,辽宁,沈阳,001021001
73,中国,辽宁,大连,001021002
74,中国,辽宁,鞍山,001021003
75,中国,辽宁,抚顺,001021004
76,中国,辽宁,本溪,001021005
77,中国,辽宁,丹东,001021006
78,中国,辽宁,锦州,001021007
79,中国,辽宁,营口,001021008
80,中国,辽宁,阜新,001021009
81,中国,辽宁,辽阳,001021010
82,中国,辽宁,盘锦,001021011
83,中国,辽宁,铁岭,001021012
84,中国,辽宁,朝阳,001021013
85,中国,辽宁,葫芦岛,001021014
86,中国,吉林,长春,001022001
87,中国,吉林,吉林,001022002
88,中国,吉林,四平,001022003
89,中国,吉林,辽源,001022004
90,中国,吉林,通化,001022005
91,中国,吉林,白山,001022006
92,中国,吉林,松原,001022007
93,中国,吉林,白城,001022008
94,中国,吉林,延边朝鲜族自治州,001022024
95,中国,黑龙江,哈尔滨,001023001
96,中国,黑龙江,齐齐哈尔,001023002
97,中国,黑龙江,鸡西,001023003
98,中国,黑龙江,鹤岗,001023004
99,中国,黑龙江,双鸭山,001023005
100,中国,黑龙江,大庆,001023006
101,中国,黑龙江,伊春,001023007
102,中国,黑龙江,佳木斯,001023008
103,中国,黑龙江,七台河,001023009
104,中国,黑龙江,牡丹江,001023010
105,中国,黑龙江,黑河,001023011
106,中国,黑龙江,绥化,001023012
107,中国,黑龙江,大兴安岭,001023027
108,中国,上海,黄浦区,001031001
109,中国,上海,卢湾区,001031003
110,中国,上海,徐汇区,001031004
111,中国,上海,长宁区,001031005
112,中国,上海,静安区,001031006
113,中国,上海,普陀区,001031007
114,中国,上海,闸北区,001031008
115,中国,上海,虹口区,001031009
116,中国,上海,杨浦区,001031010
117,中国,上海,闵行区,001031012
118,中国,上海,宝山区,001031013
119,中国,上海,嘉定区,001031014
120,中国,上海,浦东新区,001031015
121,中国,上海,金山区,001031016
122,中国,上海,松江区,001031017
123,中国,上海,青浦区,001031018
124,中国,上海,南汇区,001031019
125,中国,上海,奉贤区,001031020
126,中国,上海,崇明区,001031030
127,中国,江苏,南京,001032001
128,中国,江苏,无锡,001032002
129,中国,江苏,徐州,001032003
130,中国,江苏,常州,001032004
131,中国,江苏,苏州,001032005
132,中国,江苏,南通,001032006
133,中国,江苏,连云港,001032007
134,中国,江苏,淮安,001032008
135,中国,江苏,盐城,001032009
136,中国,江苏,扬州,001032010
137,中国,江苏,镇江,001032011
138,中国,江苏,泰州,001032012
139,中国,江苏,宿迁,001032013
140,中国,浙江,杭州,001033001
141,中国,浙江,宁波,001033002
142,中国,浙江,温州,001033003
143,中国,浙江,嘉兴,001033004
144,中国,浙江,湖州,001033005
145,中国,浙江,绍兴,001033006
146,中国,浙江,金华,001033007
147,中国,浙江,衢州,001033008
148,中国,浙江,舟山,001033009
149,中国,浙江,台州,001033010
150,中国,浙江,丽水,001033011
151,中国,安徽,合肥,001034001
152,中国,安徽,芜湖,001034002
153,中国,安徽,蚌埠,001034003
154,中国,安徽,淮南,001034004
155,中国,安徽,马鞍山,001034005
156,中国,安徽,淮北,001034006
157,中国,安徽,铜陵,001034007
158,中国,安徽,安庆,001034008
159,中国,安徽,黄山,001034010
160,中国,安徽,滁州,001034011
161,中国,安徽,阜阳,001034012
162,中国,安徽,宿州,001034013
163,中国,安徽,巢湖,001034014
164,中国,安徽,六安,001034015
165,中国,安徽,亳州,001034016
166,中国,安徽,池州,001034017
167,中国,安徽,宣城,001034018
168,中国,福建,福州,001035001
169,中国,福建,厦门,001035002
170,中国,福建,莆田,001035003
171,中国,福建,三明,001035004
172,中国,福建,泉州,001035005
173,中国,福建,漳州,001035006
174,中国,福建,南平,001035007
175,中国,福建,龙岩,001035008
176,中国,福建,宁德,001035009
177,中国,江西,南昌,001036001
178,中国,江西,景德镇,001036002
179,中国,江西,萍乡,001036003
180,中国,江西,九江,001036004
181,中国,江西,新余,001036005
182,中国,江西,鹰潭,001036006
183,中国,江西,赣州,001036007
184,中国,江西,吉安,001036008
185,中国,江西,宜春,001036009
186,中国,江西,抚州,001036010
187,中国,江西,上饶,001036011
188,中国,山东,济南,001037001
189,中国,山东,青岛,001037002
190,中国,山东,淄博,001037003
191,中国,山东,枣庄,001037004
192,中国,山东,东营,001037005
193,中国,山东,烟台,001037006
194,中国,山东,潍坊,001037007
195,中国,山东,济宁,001037008
196,中国,山东,泰安,001037009
197,中国,山东,威海,001037010
198,中国,山东,日照,001037011
199,中国,山东,莱芜,001037012
200,中国,山东,临沂,001037013
201,中国,山东,德州,001037014
202,中国,山东,聊城,001037015
203,中国,山东,滨州,001037016
204,中国,山东,菏泽,001037017
205,中国,河南,郑州,001041001
206,中国,河南,开封,001041002
207,中国,河南,洛阳,001041003
208,中国,河南,平顶山,001041004
209,中国,河南,安阳,001041005
210,中国,河南,鹤壁,001041006
211,中国,河南,新乡,001041007
212,中国,河南,焦作,001041008
213,中国,河南,濮阳,001041009
214,中国,河南,许昌,001041010
215,中国,河南,漯河,001041011
216,中国,河南,三门峡,001041012
217,中国,河南,南阳,001041013
218,中国,河南,商丘,001041014
219,中国,河南,信阳,001041015
220,中国,河南,周口,001041016
221,中国,河南,驻马店,001041017
222,中国,河南,济源,001041018
223,中国,湖北,武汉,001042001
224,中国,湖北,黄石,001042002
225,中国,湖北,十堰,001042003
226,中国,湖北,宜昌,001042005
227,中国,湖北,襄阳,001042006
228,中国,湖北,鄂州,001042007
229,中国,湖北,荆门,001042008
230,中国,湖北,孝感,001042009
231,中国,湖北,荆州,001042010
232,中国,湖北,黄冈,001042011
233,中国,湖北,咸宁,001042012
234,中国,湖北,随州,001042013
235,中国,湖北,恩施土家族苗族自治州,001042028
236,中国,湖北,仙桃,001042029
237,中国,湖北,潜江,001042030
238,中国,湖北,天门,001042031
239,中国,湖北,神农架,001042032
240,中国,湖南,长沙,001043001
241,中国,湖南,株洲,001043002
242,中国,湖南,湘潭,001043003
243,中国,湖南,衡阳,001043004
244,中国,湖南,邵阳,001043005
245,中国,湖南,岳阳,001043006
246,中国,湖南,常德,001043007
247,中国,湖南,张家界,001043008
248,中国,湖南,益阳,001043009
249,中国,湖南,郴州,001043010
250,中国,湖南,永州,001043011
251,中国,湖南,怀化,001043012
252,中国,湖南,娄底,001043013
253,中国,湖南,湘西土家族苗族自治州,001043031
254,中国,广东,广州,001044001
255,中国,广东,韶关,001044002
256,中国,广东,深圳,001044003
257,中国,广东,珠海,001044004
258,中国,广东,汕头,001044005
259,中国,广东,佛山,001044006
260,中国,广东,江门,001044007
261,中国,广东,湛江,001044008
262,中国,广东,茂名,001044009
263,中国,广东,肇庆,001044012
264,中国,广东,惠州,001044013
265,中国,广东,梅州,001044014
266,中国,广东,汕尾,001044015
267,中国,广东,河源,001044016
268,中国,广东,阳江,001044017
269,中国,广东,清远,001044018
270,中国,广东,东莞,001044019
271,中国,广东,中山,001044020
272,中国,广东,潮州,001044051
273,中国,广东,揭阳,001044052
274,中国,广东,云浮,001044053
275,中国,广西,南宁,001045001
276,中国,广西,桂林,001045003
277,中国,广西,梧州,001045004
278,中国,广西,北海,001045005
279,中国,广西,防城港,001045006
280,中国,广西,钦州,001045007
281,中国,广西,贵港,001045008
282,中国,广西,玉林,001045009
283,中国,广西,百色,001045010
284,中国,广西,贺州,001045011
285,中国,广西,河池,001045012
286,中国,广西,来宾,001045013
287,中国,广西,崇左,001045014
288,中国,广西,柳州,001045022
289,中国,海南,海口,001046001
290,中国,海南,三亚,001046002
291,中国,海南,三沙,001046003
292,中国,海南,五指山,001046004
293,中国,海南,琼海,001046005
294,中国,海南,儋州,001046006
295,中国,海南,文昌,001046007
296,中国,海南,万宁,001046008
297,中国,海南,东方,001046009
298,中国,海南,澄迈县,001046010
299,中国,海南,澄迈县,001046010
300,中国,海南,屯昌县,001046012
301,中国,海南,临高县,001046013
302,中国,海南,白沙黎族自治县,001046014
303,中国,海南,昌江黎族自治县,001046015
304,中国,海南,乐东黎族自治县,001046016
305,中国,海南,陵水黎族自治县,001046017
306,中国,海南,保亭黎族苗族自治县,001046018
307,中国,海南,琼中黎族苗族自治县,001046019
308,中国,海南,洋浦经济开发区,001046020
309,中国,海南,其他,001046090
310,中国,重庆,万州区,001050001
311,中国,重庆,涪陵区,001050002
312,中国,重庆,渝中区,001050003
313,中国,重庆,大渡口区,001050004
314,中国,重庆,江北区,001050005
315,中国,重庆,沙坪坝区,001050006
316,中国,重庆,九龙坡区,001050007
317,中国,重庆,南岸区,001050008
318,中国,重庆,北碚区,001050009
319,中国,重庆,万盛区,001050010
320,中国,重庆,双桥区,001050011
321,中国,重庆,渝北区,001050012
322,中国,重庆,巴南区,001050013
323,中国,重庆,黔江区,001050014
324,中国,重庆,长寿区,001050015
325,中国,重庆,綦江县,001050022
326,中国,重庆,潼南县,001050023
327,中国,重庆,铜梁县,001050024
328,中国,重庆,大足县,001050025
329,中国,重庆,荣昌县,001050026
330,中国,重庆,璧山县,001050027
331,中国,重庆,梁平县,001050028
332,中国,重庆,城口县,001050029
333,中国,重庆,丰都县,001050030
334,中国,重庆,垫江县,001050031
335,中国,重庆,武隆县,001050032
336,中国,重庆,忠县,001050033
337,中国,重庆,开县,001050034
338,中国,重庆,云阳县,001050035
339,中国,重庆,奉节县,001050036
340,中国,重庆,巫山县,001050037
341,中国,重庆,巫溪县,001050038
342,中国,重庆,石柱土家族自治县,001050040
343,中国,重庆,秀山土家族苗族自治县,001050041
344,中国,重庆,酉阳土家族苗族自治县,001050042
345,中国,重庆,彭水苗族土家族自治县,001050043
346,中国,重庆,江津区,001050081
347,中国,重庆,合川市,001050082
348,中国,重庆,永川区,001050083
349,中国,重庆,南川市,001050084
350,中国,四川,成都,001051001
351,中国,四川,自贡,001051003
352,中国,四川,攀枝花,001051004
353,中国,四川,泸州,001051005
354,中国,四川,德阳,001051006
355,中国,四川,绵阳,001051007
356,中国,四川,广元,001051008
357,中国,四川,遂宁,001051009
358,中国,四川,内江,001051010
359,中国,四川,乐山,001051011
360,中国,四川,南充,001051013
361,中国,四川,眉山,001051014
362,中国,四川,宜宾,001051015
363,中国,四川,广安,001051016
364,中国,四川,达州,001051017
365,中国,四川,雅安,001051018
366,中国,四川,巴中,001051019
367,中国,四川,资阳,001051020
368,中国,四川,阿坝,001051032
369,中国,四川,甘孜,001051033
370,中国,四川,凉山,001051034
371,中国,贵州,贵阳,001052001
372,中国,贵州,六盘水,001052002
373,中国,贵州,遵义,001052003
374,中国,贵州,安顺,001052004
375,中国,贵州,铜仁,001052022
376,中国,贵州,黔西南,001052023
377,中国,贵州,毕节,001052024
378,中国,贵州,黔东南,001052026
379,中国,贵州,黔南,001052027
380,中国,云南,昆明,001053001
381,中国,云南,曲靖,001053003
382,中国,云南,玉溪,001053004
383,中国,云南,保山,001053005
384,中国,云南,昭通,001053006
385,中国,云南,楚雄,001053023
386,中国,云南,红河,001053025
387,中国,云南,文山,001053026
388,中国,云南,思茅,001053027
389,中国,云南,西双版纳,001053028
390,中国,云南,大理,001053029
391,中国,云南,德宏,001053031
392,中国,云南,丽江,001053032
393,中国,云南,怒江,001053033
394,中国,云南,迪庆,001053034
395,中国,云南,临沧,001053035
396,中国,西藏,拉萨,001054001
397,中国,西藏,昌都,001054021
398,中国,西藏,山南,001054022
399,中国,西藏,日喀则,001054023
400,中国,西藏,那曲,001054024
401,中国,西藏,阿里,001054025
402,中国,西藏,林芝,001054026
403,中国,陕西,西安,001061001
404,中国,陕西,铜川,001061002
405,中国,陕西,宝鸡,001061003
406,中国,陕西,咸阳,001061004
407,中国,陕西,渭南,001061005
408,中国,陕西,延安,001061006
409,中国,陕西,汉中,001061007
410,中国,陕西,榆林,001061008
411,中国,陕西,安康,001061009
412,中国,陕西,商洛,001061010
413,中国,甘肃,兰州市,001062001
414,中国,甘肃,嘉峪关,001062002
415,中国,甘肃,金昌,001062003
416,中国,甘肃,白银,001062004
417,中国,甘肃,天水,001062005
418,中国,甘肃,武威,001062006
419,中国,甘肃,张掖,001062007
420,中国,甘肃,平凉,001062008
421,中国,甘肃,酒泉,001062009
422,中国,甘肃,庆阳,001062010
423,中国,甘肃,定西,001062024
424,中国,甘肃,陇南,001062026
425,中国,甘肃,临夏,001062029
426,中国,甘肃,甘南,001062030
427,中国,青海,西宁,001063001
428,中国,青海,海东,001063021
429,中国,青海,海北,001063022
430,中国,青海,黄南,001063023
431,中国,青海,海南,001063025
432,中国,青海,果洛,001063026
433,中国,青海,玉树,001063027
434,中国,青海,海西,001063028
435,中国,宁夏,银川,001064001
436,中国,宁夏,石嘴山,001064002
437,中国,宁夏,吴忠,001064003
438,中国,宁夏,固原,001064004
439,中国,宁夏,中卫,001064005
440,中国,新疆,乌鲁木齐,001065001
441,中国,新疆,克拉玛依,001065002
442,中国,新疆,吐鲁番,001065021
443,中国,新疆,哈密,001065022
444,中国,新疆,昌吉,001065023
445,中国,新疆,博尔塔拉,001065027
446,中国,新疆,巴音郭楞,001065028
447,中国,新疆,阿克苏,001065029
448,中国,新疆,克孜勒苏,001065030
449,中国,新疆,喀什,001065031
450,中国,新疆,和田,001065032
451,中国,新疆,伊犁,001065040
452,中国,新疆,塔城,001065042
453,中国,新疆,阿勒泰,001065043
454,中国,新疆,石河子,001065044
455,中国,台湾,台北市,001071001
456,中国,台湾,高雄市,001071002
457,中国,台湾,基隆市,001071003
458,中国,台湾,台中市,001071004
459,中国,台湾,台南市,001071005
460,中国,台湾,新竹市,001071006
461,中国,台湾,嘉义市,001071007
462,中国,台湾,台北县,001071008
463,中国,台湾,宜兰县,001071009
464,中国,台湾,桃园县,001071010
465,中国,台湾,新竹县,001071011
466,中国,台湾,苗栗县,001071012
467,中国,台湾,台中县,001071013
468,中国,台湾,彰化县,001071014
469,中国,台湾,南投县,001071015
470,中国,台湾,云林县,001071016
471,中国,台湾,嘉义县,001071017
472,中国,台湾,台南县,001071018
473,中国,台湾,高雄县,001071019
474,中国,台湾,屏东县,001071020
475,中国,台湾,澎湖县,001071021
476,中国,台湾,台东县,001071022
477,中国,台湾,花莲县,001071023
478,中国,香港,中西区,001081002
479,中国,香港,东区,001081003
480,中国,香港,九龙城区,001081004
481,中国,香港,观塘区,001081005
482,中国,香港,南区,001081006
483,中国,香港,深水埗区,001081007
484,中国,香港,黄大仙区,001081008
485,中国,香港,湾仔区,001081009
486,中国,香港,油尖旺区,001081010
487,中国,香港,离岛区,001081011
488,中国,香港,葵青区,001081012
489,中国,香港,北区,001081013
490,中国,香港,西贡区,001081014
491,中国,香港,沙田区,001081015
492,中国,香港,屯门区,001081016
493,中国,香港,大埔区,001081017
494,中国,香港,荃湾区,001081018
495,中国,香港,元朗区,001081019
496,中国,澳门,花地玛堂区,001082002
497,中国,澳门,圣安多尼堂区,001082003
498,中国,澳门,大堂区,001082004
499,中国,澳门,望德堂区,001082005
500,中国,澳门,风顺堂区,001082006
501,中国,澳门,氹仔,001082007
502,中国,澳门,路环,001082008
503,澳大利亚,北部地区,北帕默斯顿,019001001
504,澳大利亚,北部地区,达尔文,019001002
505,澳大利亚,堪培拉 ,堪培拉,019002001
506,澳大利亚,昆士兰,布里斯班,019003001
507,澳大利亚,昆士兰,黄金海岸,019003002
508,澳大利亚,昆士兰,凯恩斯,019003003
509,澳大利亚,昆士兰,日光海岸,019003004
510,澳大利亚,昆士兰,汤斯维尔,019003005
511,澳大利亚,昆士兰,图文巴,019003006
512,澳大利亚,南澳大利亚,阿德莱德,019004001
513,澳大利亚,南澳大利亚,奥古斯塔港,019004002
514,澳大利亚,南澳大利亚,甘比亚山,019004003
515,澳大利亚,南澳大利亚,怀阿拉,019004004
516,澳大利亚,南澳大利亚,林肯港,019004005
517,澳大利亚,南澳大利亚,默里布里奇,019004006
518,澳大利亚,南澳大利亚,皮里港,019004007
519,澳大利亚,南澳大利亚,维克托港,019004008
520,澳大利亚,塔斯马尼亚,伯尼港,019005001
521,澳大利亚,塔斯马尼亚,德文波特,019005002
522,澳大利亚,塔斯马尼亚,霍巴特,019005003
523,澳大利亚,塔斯马尼亚,朗塞斯顿,019005004
524,澳大利亚,维多利亚,吉朗,019006001
525,澳大利亚,维多利亚,墨尔本,019006002
526,澳大利亚,西澳大利亚,奥尔巴尼,019007001
527,澳大利亚,西澳大利亚,班伯里,019007002
528,澳大利亚,西澳大利亚,弗里曼特尔港,019007003
529,澳大利亚,西澳大利亚,杰拉尔顿,019007004
530,澳大利亚,西澳大利亚,卡尔古利,019007005
531,澳大利亚,西澳大利亚,曼哲拉,019007006
532,澳大利亚,西澳大利亚,珀斯,019007007
533,澳大利亚,新南威尔士,纽卡斯尔,019008001
534,澳大利亚,新南威尔士,伍伦贡,019008002
535,澳大利亚,新南威尔士,悉尼,019008003
536,韩国,大邱,达城郡,083001001
537,韩国,大邱,大邱,083001002
538,韩国,大邱,寿城区,083001003
539,韩国,江原道,春川市,083006001
540,韩国,江原道,东海市,083006002
541,韩国,江原道,高城郡,083006003
542,韩国,江原道,横城郡,083006004
543,韩国,江原道,洪川郡,083006005
544,韩国,江原道,华川郡,083006006
545,韩国,江原道,江陵市,083006007
546,韩国,江原道,旌善郡,083006008
547,韩国,江原道,麟蹄郡,083006009
548,韩国,江原道,宁越郡,083006010
549,韩国,江原道,平昌郡,083006011
550,韩国,江原道,三陟市,083006012
551,韩国,江原道,束草市,083006013
552,韩国,江原道,太白市,083006014
553,韩国,江原道,铁原郡,083006015
554,韩国,江原道,襄阳郡,083006016
555,韩国,江原道,杨口郡,083006017
556,韩国,江原道,原州市,083006018
557,韩国,京畿道,安城市,083007001
558,韩国,京畿道,安山市,083007002
559,韩国,京畿道,安养市,083007003
560,韩国,京畿道,抱川市,083007004
561,韩国,京畿道,城南市,083007005
562,韩国,京畿道,东豆川市,083007006
563,韩国,京畿道,富川市,083007007
564,韩国,京畿道,高阳市,083007008
565,韩国,京畿道,光明市,083007009
566,韩国,京畿道,广州市,083007010
567,韩国,京畿道,果川市,083007011
568,韩国,京畿道,河南市,083007012
569,韩国,京畿道,华城市,083007013
570,韩国,京畿道,加平郡,083007014
571,韩国,京畿道,金浦市,083007015
572,韩国,京畿道,九里市,083007016
573,韩国,京畿道,军浦市,083007017
574,韩国,京畿道,骊州郡,083007018
575,韩国,京畿道,利川市,083007019
576,韩国,京畿道,涟川郡,083007020
577,韩国,京畿道,龙仁市,083007021
578,韩国,京畿道,南杨州市,083007022
579,韩国,京畿道,平泽市,083007023
580,韩国,京畿道,坡州市,083007024
581,韩国,京畿道,始兴市,083007025
582,韩国,京畿道,水原市,083007026
583,韩国,京畿道,乌山市,083007027
584,韩国,京畿道,扬平郡,083007028
585,韩国,京畿道,杨州市,083007029
586,韩国,京畿道,仪旺市,083007030
587,韩国,京畿道,议政府市,083007031
588,韩国,庆尚北道,安东市,083008001
589,韩国,庆尚北道,奉化郡,083008002
590,韩国,庆尚北道,高灵郡,083008003
591,韩国,庆尚北道,龟尾市,083008004
592,韩国,庆尚北道,金泉市,083008005
593,韩国,庆尚北道,军威郡,083008006
594,韩国,庆尚北道,醴泉郡,083008007
595,韩国,庆尚北道,浦项市,083008008
596,韩国,庆尚北道,漆谷郡,083008009
597,韩国,庆尚北道,淸道郡,083008010
598,韩国,庆尚北道,靑松郡,083008011
599,韩国,庆尚北道,庆山市,083008012
600,韩国,庆尚北道,庆州市,083008013
601,韩国,庆尚北道,荣州市,083008014
602,韩国,庆尚北道,尙州市,083008015
603,韩国,庆尚北道,蔚珍郡,083008016
604,韩国,庆尚北道,闻庆市,083008017
605,韩国,庆尚北道,星州郡,083008018
606,韩国,庆尚北道,义城郡,083008019
607,韩国,庆尚北道,英阳郡,083008020
608,韩国,庆尚北道,盈德郡,083008021
609,韩国,庆尚北道,永川市,083008022
610,韩国,庆尚北道,郁陵郡,083008023
611,韩国,庆尚南道,昌宁郡,083009001
612,韩国,庆尚南道,昌原市,083009002
613,韩国,庆尚南道,固城郡,083009003
614,韩国,庆尚南道,河东郡,083009004
615,韩国,庆尚南道,金海市,083009005
616,韩国,庆尚南道,晋州市,083009006
617,韩国,庆尚南道,居昌郡,083009007
618,韩国,庆尚南道,巨济市,083009008
619,韩国,庆尚南道,梁山市,083009009
620,韩国,庆尚南道,马山市,083009010
621,韩国,庆尚南道,密阳市,083009011
622,韩国,庆尚南道,南海郡,083009012
623,韩国,庆尚南道,山淸郡,083009013
624,韩国,庆尚南道,泗川市,083009014
625,韩国,庆尚南道,统营市,083009015
626,韩国,庆尚南道,陜川郡,083009016
627,韩国,庆尚南道,咸安郡,083009017
628,韩国,庆尚南道,咸阳郡,083009018
629,韩国,庆尚南道,宜宁郡,083009019
630,韩国,庆尚南道,鎭海市,083009020
631,韩国,全罗北道,淳昌郡,083010001
632,韩国,全罗北道,扶安郡,083010002
633,韩国,全罗北道,高敞郡,083010003
634,韩国,全罗北道,金堤市,083010004
635,韩国,全罗北道,井邑市,083010005
636,韩国,全罗北道,茂朱郡,083010006
637,韩国,全罗北道,南原市,083010007
638,韩国,全罗北道,全州市,083010008
639,韩国,全罗北道,群山市,083010009
640,韩国,全罗北道,任实郡,083010010
641,韩国,全罗北道,完州郡,083010011
642,韩国,全罗北道,益山市,083010012
643,韩国,全罗北道,长水郡,083010013
644,韩国,全罗北道,鎭安郡,083010014
645,韩国,全罗南道,宝城郡,083011001
646,韩国,全罗南道,高兴郡,083011002
647,韩国,全罗南道,谷城郡,083011003
648,韩国,全罗南道,莞岛郡,083011004
649,韩国,全罗南道,光阳市,083011005
650,韩国,全罗南道,海南郡,083011006
651,韩国,全罗南道,和顺郡,083011007
652,韩国,全罗南道,康津郡,083011008
653,韩国,全罗南道,丽水市,083011009
654,韩国,全罗南道,灵光郡,083011010
655,韩国,全罗南道,灵岩郡,083011011
656,韩国,全罗南道,罗州市,083011012
657,韩国,全罗南道,木浦市,083011013
658,韩国,全罗南道,求礼郡,083011014
659,韩国,全罗南道,顺天市,083011015
660,韩国,全罗南道,潭阳郡,083011016
661,韩国,全罗南道,务安郡,083011017
662,韩国,全罗南道,咸平郡,083011018
663,韩国,全罗南道,新安郡,083011019
664,韩国,全罗南道,长城郡,083011020
665,韩国,全罗南道,长兴郡,083011021
666,韩国,全罗南道,珍岛郡,083011022
667,韩国,忠清北道,报恩郡,083015001
668,韩国,忠清北道,曾坪郡,083015002
669,韩国,忠清北道,丹阳郡,083015003
670,韩国,忠清北道,堤川市,083015004
671,韩国,忠清北道,槐山郡,083015005
672,韩国,忠清北道,淸原郡,083015006
673,韩国,忠清北道,淸州市,083015007
674,韩国,忠清北道,沃川郡,083015008
675,韩国,忠清北道,阴城郡,083015009
676,韩国,忠清北道,永同郡,083015010
677,韩国,忠清北道,鎭川郡,083015011
678,韩国,忠清北道,忠州市,083015012
679,韩国,忠清南道,保宁市,083016001
680,韩国,忠清南道,扶余郡,083016002
681,韩国,忠清南道,公州市,083016003
682,韩国,忠清南道,洪城郡,083016004
683,韩国,忠清南道,鸡龙市,083016005
684,韩国,忠清南道,锦山郡,083016006
685,韩国,忠清南道,礼山郡,083016007
686,韩国,忠清南道,论山市,083016008
687,韩国,忠清南道,青阳郡,083016009
688,韩国,忠清南道,瑞山市,083016010
689,韩国,忠清南道,舒川郡,083016011
690,韩国,忠清南道,泰安郡,083016012
691,韩国,忠清南道,唐津郡,083016013
692,韩国,忠清南道,天安市,083016014
693,韩国,忠清南道,牙山市,083016015
694,韩国,忠清南道,燕岐郡,083016016
695,马来西亚,槟榔屿,北海,125001001
696,马来西亚,槟榔屿,槟城,125001002
697,马来西亚,槟榔屿,大山脚,125001003
698,马来西亚,槟榔屿,高渊,125001004
699,马来西亚,玻璃市　　,加央,125002001
700,马来西亚,丁加奴,甘马挽,125003001
701,马来西亚,丁加奴,瓜拉丁加奴,125003002
702,马来西亚,丁加奴,龙运,125003003
703,马来西亚,丁加奴,马江,125003004
704,马来西亚,丁加奴,实兆,125003005
705,马来西亚,丁加奴,乌鲁,125003006
706,马来西亚,丁加奴,勿述,125003007
707,马来西亚,吉打,巴东得腊,125004001
708,马来西亚,吉打,笨筒,125004002
709,马来西亚,吉打,浮罗交怡,125004003
710,马来西亚,吉打,哥打士打,125004004
711,马来西亚,吉打,古邦巴素,125004005
712,马来西亚,吉打,瓜拉姆达,125004006
713,马来西亚,吉打,华玲,125004007
714,马来西亚,吉打,居林,125004008
715,马来西亚,吉打,万拉峇鲁,125004009
716,马来西亚,吉兰丹,巴西富地,125005001
717,马来西亚,吉兰丹,巴西马,125005002
718,马来西亚,吉兰丹,丹那美拉,125005003
719,马来西亚,吉兰丹,道北,125005004
720,马来西亚,吉兰丹,登卓,125005005
721,马来西亚,吉兰丹,哥打巴鲁,125005006
722,马来西亚,吉兰丹,瓜拉吉赖,125005007
723,马来西亚,吉兰丹,话望生,125005008
724,马来西亚,吉兰丹,马樟,125005009
725,马来西亚,吉兰丹,日里,125005010
726,马来西亚,吉隆坡,吉隆坡,125006001
727,马来西亚,马六甲,马六甲市,125007001
728,马来西亚,马六甲,亚罗牙也,125007002
729,马来西亚,马六甲,野新,125007003
730,马来西亚,纳闽,纳闽,125008001
731,马来西亚,纳闽,维多利亚,125008002
732,马来西亚,彭亨,百乐,125009001
733,马来西亚,彭亨,北根,125009002
734,马来西亚,彭亨,淡马鲁,125009003
735,马来西亚,彭亨,而连突,125009004
736,马来西亚,彭亨,关丹,125009005
737,马来西亚,彭亨,金马仑高原,125009006
738,马来西亚,彭亨,劳勿,125009007
739,马来西亚,彭亨,立卑,125009008
740,马来西亚,彭亨,马兰,125009009
741,马来西亚,彭亨,文冬,125009010
742,马来西亚,彭亨,云冰,125009011
743,马来西亚,霹雳,安顺,125010001
744,马来西亚,霹雳,丹绒马,125010002
745,马来西亚,霹雳,和丰,125010003
746,马来西亚,霹雳,紅土坎,125010004
747,马来西亚,霹雳,华都牙也,125010005
748,马来西亚,霹雳,江沙,125010006
749,马来西亚,霹雳,太平,125010007
750,马来西亚,霹雳,怡保,125010008
751,马来西亚,柔佛,笨珍,125011001
752,马来西亚,柔佛,丰盛港,125011002
753,马来西亚,柔佛,哥打丁宜,125011003
754,马来西亚,柔佛,居銮,125011004
755,马来西亚,柔佛,峇株巴辖,125011005
756,马来西亚,柔佛,麻坡,125011006
757,马来西亚,柔佛,昔加末,125011007
758,马来西亚,柔佛,新山,125011008
759,马来西亚,森美兰,波德申,125012001
760,马来西亚,森美兰,淡边,125012002
761,马来西亚,森美兰,芙蓉,125012003
762,马来西亚,森美兰,瓜拉庇劳,125012004
763,马来西亚,森美兰,林茂,125012005
764,马来西亚,森美兰,仁保,125012006
765,马来西亚,森美兰,日叻务,125012007
766,马来西亚,沙巴,吧巴,125013001
767,马来西亚,沙巴,保佛,125013002
768,马来西亚,沙巴,比鲁兰,125013003
769,马来西亚,沙巴,必达士,125013004
770,马来西亚,沙巴,兵南邦,125013005
771,马来西亚,沙巴,担布南,125013006
772,马来西亚,沙巴,丹南,125013007
773,马来西亚,沙巴,斗湖,125013008
774,马来西亚,沙巴,斗亚兰,125013009
775,马来西亚,沙巴,哥打基纳巴鲁,125013010
776,马来西亚,沙巴,哥打马鲁都,125013011
777,马来西亚,沙巴,根地咬,125013012
778,马来西亚,沙巴,古达,125013013
779,马来西亚,沙巴,古打毛律,125013014
780,马来西亚,沙巴,古纳,125013015
781,马来西亚,沙巴,瓜拉班尤,125013016
782,马来西亚,沙巴,京那巴登岸,125013017
783,马来西亚,沙巴,兰脑,125013018
784,马来西亚,沙巴,拿笃,125013019
785,马来西亚,沙巴,纳巴湾,125013020
786,马来西亚,沙巴,山打根,125013021
787,马来西亚,沙巴,西比陶,125013022
788,马来西亚,沙巴,仙本那,125013023
789,马来西亚,沙捞越,古晋,125014001
790,马来西亚,沙捞越,加帛,125014002
791,马来西亚,沙捞越,林梦,125014003
792,马来西亚,沙捞越,美里,125014004
793,马来西亚,沙捞越,民都鲁,125014005
794,马来西亚,沙捞越,木胶,125014006
795,马来西亚,沙捞越,木中,125014007
796,马来西亚,沙捞越,三马拉汉,125014008
797,马来西亚,沙捞越,斯里阿曼,125014009
798,马来西亚,沙捞越,泗里街,125014010
799,马来西亚,沙捞越,泗务,125014011
800,马来西亚,雪兰莪,八打灵,125015001
801,马来西亚,雪兰莪,鹅麦,125015002
802,马来西亚,雪兰莪,瓜拉冷岳,125015003
803,马来西亚,雪兰莪,瓜拉雪兰莪,125015004
804,马来西亚,雪兰莪,沙白安南,125015005
805,马来西亚,雪兰莪,乌鲁冷岳,125015006
806,马来西亚,雪兰莪,乌鲁雪兰莪,125015007
807,马来西亚,雪兰莪,雪邦,125015008
808,美国,阿肯色,费耶特维尔,134001001
809,美国,阿肯色,史密斯堡,134001002
810,美国,阿肯色,小石城,134001003
811,美国,阿拉巴马,伯明罕,134002001
812,美国,阿拉巴马,蒙哥马利,134002002
813,美国,阿拉巴马,莫比尔,134002003
814,美国,阿拉斯加,安克雷奇,134003001
815,美国,阿拉斯加,费尔班克斯,134003002
816,美国,阿拉斯加,朱诺,134003003
817,美国,爱达荷,爱达荷福尔斯,134004001
818,美国,爱达荷,波卡特洛,134004002
819,美国,爱达荷,博伊西,134004003
820,美国,爱达荷,布莱克富特,134004004
821,美国,爱达荷,科达伦,134004005
822,美国,爱达荷,刘易斯顿,134004006
823,美国,爱达荷,莫斯科,134004007
824,美国,爱达荷,墨菲,134004008
825,美国,爱达荷,楠帕,134004009
826,美国,爱达荷,岂彻姆,134004010
827,美国,爱达荷,森瓦利,134004011
828,美国,爱达荷,亚美利加瀑布城,134004012
829,美国,爱荷华,达文波特,134005001
830,美国,爱荷华,得梅因,134005002
831,美国,爱荷华,锡达拉皮兹,134005003
832,美国,北达科他,俾斯麦,134006001
833,美国,北达科他,大福克斯,134006002
834,美国,北达科他,法戈,134006003
835,美国,北达科他,迈诺特,134006004
836,美国,北卡罗来纳,艾许维尔,134007001
837,美国,北卡罗来纳,杜罕,134007002
838,美国,北卡罗来纳,格林斯伯勒,134007003
839,美国,北卡罗来纳,教堂山,134007004
840,美国,北卡罗来纳,罗利,134007005
841,美国,北卡罗来纳,洛利杜罕都会区,134007006
842,美国,北卡罗来纳,夏洛特,134007007
843,美国,宾夕法尼亚,阿伦敦,134008001
844,美国,宾夕法尼亚,费城,134008002
845,美国,宾夕法尼亚,匹兹堡,134008003
846,美国,德克萨斯,埃尔帕索,134009001
847,美国,德克萨斯,奥斯汀,134009002
848,美国,德克萨斯,达拉斯,134009003
849,美国,德克萨斯,哥帕斯基斯蒂,134009004
850,美国,德克萨斯,交维斯顿,134009005
851,美国,德克萨斯,拉雷多,134009006
852,美国,德克萨斯,麦亚伦,134009007
853,美国,德克萨斯,圣安东尼奥,134009008
854,美国,德克萨斯,休斯敦,134009009
855,美国,俄亥俄,代顿,134010001
856,美国,俄亥俄,哥伦布,134010002
857,美国,俄亥俄,克利夫兰,134010003
858,美国,俄亥俄,托莱多,134010004
859,美国,俄亥俄,辛辛那提,134010005
860,美国,俄克拉荷马,俄克拉荷马城,134011001
861,美国,俄克拉荷马,诺曼,134011002
862,美国,俄克拉荷马,塔尔萨,134011003
863,美国,俄勒冈,本德,134012001
864,美国,俄勒冈,波特兰,134012002
865,美国,俄勒冈,达尔斯,134012003
866,美国,俄勒冈,达拉斯,134012004
867,美国,俄勒冈,蒂拉穆克,134012005
868,美国,俄勒冈,格兰茨帕斯,134012006
869,美国,俄勒冈,胡德里弗,134012007
870,美国,俄勒冈,火山口湖,134012008
871,美国,俄勒冈,科瓦利斯,134012009
872,美国,俄勒冈,库斯贝,134012010
873,美国,俄勒冈,梅德福,134012011
874,美国,俄勒冈,塞勒姆,134012012
875,美国,俄勒冈,圣海伦斯,134012013
876,美国,俄勒冈,斯普林菲尔德,134012014
877,美国,俄勒冈,尤金,134012015
878,美国,佛罗里达,奥兰多,134013001
879,美国,佛罗里达,基韦斯特,134013002
880,美国,佛罗里达,杰克逊维尔,134013003
881,美国,佛罗里达,卡纳维尔角,134013004
882,美国,佛罗里达,罗德岱堡,134013005
883,美国,佛罗里达,迈阿密,134013006
884,美国,佛罗里达,圣彼德斯堡市,134013007
885,美国,佛罗里达,塔拉哈西,134013008
886,美国,佛罗里达,坦帕,134013009
887,美国,佛蒙特,伯灵顿,134014001
888,美国,佛蒙特,拉特兰,134014002
889,美国,佛蒙特,南伯灵顿,134014003
890,美国,哥伦比亚特区,华盛顿哥伦比亚特区,134015001
891,美国,华盛顿,斯波坎,134016001
892,美国,华盛顿,塔科马,134016002
893,美国,华盛顿,西雅图,134016003
894,美国,怀俄明,埃文斯顿,134017001
895,美国,怀俄明,卡斯珀,134017002
896,美国,怀俄明,拉勒米,134017003
897,美国,怀俄明,罗克斯普林斯,134017004
898,美国,怀俄明,夏延,134017005
899,美国,怀俄明,谢里登,134017006
900,美国,加利福尼亚,旧金山,134018001
901,美国,加利福尼亚,洛杉矶,134018002
902,美国,加利福尼亚,圣迭戈,134018003
903,美国,加利福尼亚,圣何塞,134018004
904,美国,堪萨斯,阿比林,134019001
905,美国,堪萨斯,奥弗兰公园,134019002
906,美国,堪萨斯,哈钦森,134019003
907,美国,堪萨斯,堪萨斯城,134019004
908,美国,堪萨斯,莱文沃思,134019005
909,美国,堪萨斯,劳伦斯,134019006
910,美国,堪萨斯,曼哈顿,134019007
911,美国,堪萨斯,托皮卡,134019008
912,美国,堪萨斯,威奇托,134019009
913,美国,康涅狄格,布里奇波特,134020001
914,美国,康涅狄格,达里恩,134020002
915,美国,康涅狄格,格林尼治,134020003
916,美国,康涅狄格,哈特福德,134020004
917,美国,康涅狄格,米德尔顿,134020005
918,美国,康涅狄格,纽黑文,134020006
919,美国,康涅狄格,韦斯特波特,134020007
920,美国,康涅狄格,沃特伯里,134020008
921,美国,康涅狄格,新不列颠,134020009
922,美国,科罗拉多,阿斯彭,134021001
923,美国,科罗拉多,奥罗拉,134021002
924,美国,科罗拉多,博尔德,134021003
925,美国,科罗拉多,大章克申,134021004
926,美国,科罗拉多,丹佛,134021005
927,美国,科罗拉多,柯林斯堡,134021006
928,美国,科罗拉多,科罗拉多斯普林斯,134021007
929,美国,科罗拉多,韦尔,134021008
930,美国,肯塔基,列克星敦,134022001
931,美国,肯塔基,路易斯维尔,134022002
932,美国,肯塔基,欧文斯伯勒,134022003
933,美国,路易斯安那,巴吞鲁日,134023001
934,美国,路易斯安那,什里夫波特,134023002
935,美国,路易斯安那,新奥尔良,134023003
936,美国,罗德岛,波塔基特,134024001
937,美国,罗德岛,克兰斯顿,134024002
938,美国,罗德岛,纽波特,134024003
939,美国,罗德岛,普罗维登斯,134024004
940,美国,罗德岛,韦斯特利,134024005
941,美国,罗德岛,文索基特,134024006
942,美国,罗德岛,沃威克,134024007
943,美国,马里兰,巴尔的摩,134025001
944,美国,马里兰,盖瑟斯堡,134025002
945,美国,马里兰,罗克维尔,134025003
946,美国,马萨诸塞,波士顿,134026001
947,美国,马萨诸塞,斯普林菲尔德,134026002
948,美国,马萨诸塞,伍斯特,134026003
949,美国,蒙大拿,比灵斯,134027001
950,美国,蒙大拿,大瀑布村,134027002
951,美国,蒙大拿,米苏拉,134027003
952,美国,密苏里,哥伦比亚,134028001
953,美国,密苏里,杰佛逊市,134028002
954,美国,密苏里,堪萨斯城,134028003
955,美国,密苏里,圣路易斯,134028004
956,美国,密苏里,斯普林菲尔德,134028005
957,美国,密西西比,比洛克西,134029001
958,美国,密西西比,格尔夫波特,134029002
959,美国,密西西比,格林维尔,134029003
960,美国,密西西比,哈蒂斯堡,134029004
961,美国,密西西比,杰克逊,134029005
962,美国,密西西比,默里迪恩,134029006
963,美国,密西西比,维克斯堡,134029007
964,美国,密歇根,安娜堡,134030001
965,美国,密歇根,巴特尔克里克,134030002
966,美国,密歇根,贝城,134030003
967,美国,密歇根,大急流城,134030004
968,美国,密歇根,迪尔伯恩,134030005
969,美国,密歇根,底特律,134030006
970,美国,密歇根,弗林特,134030007
971,美国,密歇根,怀恩多特,134030008
972,美国,密歇根,卡拉马袓,134030009
973,美国,密歇根,兰辛,134030010
974,美国,密歇根,马斯基根,134030011
975,美国,密歇根,庞菷亚克,134030012
976,美国,密歇根,萨吉诺,134030013
977,美国,密歇根,苏圣玛丽,134030014
978,美国,密歇根,沃伦,134030015
979,美国,密歇根,休伦港,134030016
980,美国,缅因,班戈,134031001
981,美国,缅因,波特兰,134031002
982,美国,缅因,刘易斯顿,134031003
983,美国,明尼苏达,罗切斯特,134032001
984,美国,明尼苏达,明尼阿波利斯,134032002
985,美国,明尼苏达,圣保罗,134032003
986,美国,南达科他,阿伯丁,134033001
987,美国,南达科他,拉皮德城,134033002
988,美国,南达科他,苏福尔斯,134033003
989,美国,南卡罗来纳,北查尔斯顿,134034001
990,美国,南卡罗来纳,查尔斯顿,134034002
991,美国,南卡罗来纳,哥伦比亚,134034003
992,美国,内布拉斯加,奥马哈,134035001
993,美国,内布拉斯加,贝尔维尤,134035002
994,美国,内布拉斯加,林肯,134035003
995,美国,内华达,埃尔科,134036001
996,美国,内华达,北拉斯维加斯,134036002
997,美国,内华达,弗吉尼亚城,134036003
998,美国,内华达,亨德森,134036004
999,美国,内华达,卡森城,134036005
1000,美国,内华达,拉斯维加斯,134036006
1001,美国,内华达,里诺,134036007
1002,美国,内华达,斯帕克斯,134036008
1003,美国,纽约,布法罗,134037001
1004,美国,纽约,罗切斯特,134037002
1005,美国,纽约,纽约市,134037003
1006,美国,特拉华,多佛,134038001
1007,美国,特拉华,纽瓦克,134038002
1008,美国,特拉华,威明顿,134038003
1009,美国,田纳西,布利斯托,134039001
1010,美国,田纳西,查塔努加,134039002
1011,美国,田纳西,金斯波特,134039003
1012,美国,田纳西,孟菲斯,134039004
1013,美国,田纳西,纳什维尔,134039005
1014,美国,田纳西,诺克斯维尔,134039006
1015,美国,田纳西,三城区,134039007
1016,美国,田纳西,士麦那,134039008
1017,美国,田纳西,斯普林希尔,134039009
1018,美国,田纳西,约翰逊城,134039010
1019,美国,威斯康星,阿普尓顿,134040001
1020,美国,威斯康星,奥什科什,134040002
1021,美国,威斯康星,格林贝,134040003
1022,美国,威斯康星,基诺沙,134040004
1023,美国,威斯康星,拉克罗斯,134040005
1024,美国,威斯康星,拉辛,134040006
1025,美国,威斯康星,马尼托沃克,134040007
1026,美国,威斯康星,迈迪逊,134040008
1027,美国,威斯康星,密尔沃基,134040009
1028,美国,威斯康星,欧克莱尓,134040010
1029,美国,威斯康星,沃索,134040011
1030,美国,威斯康星,希博伊根,134040012
1031,美国,维吉尼亚,弗吉尼亚比奇,134041001
1032,美国,维吉尼亚,诺福克,134041002
1033,美国,维吉尼亚,切萨皮克,134041003
1034,美国,西佛吉尼亚,查尔斯顿,134042001
1035,美国,西佛吉尼亚,亨廷顿,134042002
1036,美国,西佛吉尼亚,帕克斯堡,134042003
1037,美国,夏威夷,凯卢阿,134043001
1038,美国,夏威夷,檀香山,134043002
1039,美国,夏威夷,希洛,134043003
1040,美国,新罕布什尔,康科德,134044001
1041,美国,新罕布什尔,曼彻斯特,134044002
1042,美国,新罕布什尔,纳舒厄,134044003
1043,美国,新墨西哥,阿尔伯克基,134045001
1044,美国,新墨西哥,拉斯克鲁塞斯,134045002
1045,美国,新墨西哥,罗斯韦尔,134045003
1046,美国,新墨西哥,圣菲,134045004
1047,美国,新泽西,纽瓦克,134046001
1048,美国,新泽西,帕特森,134046002
1049,美国,新泽西,泽西城,134046003
1050,美国,亚利桑那,凤凰城,134047001
1051,美国,亚利桑那,格兰代尔,134047002
1052,美国,亚利桑那,梅萨,134047003
1053,美国,亚利桑那,史卡兹代尔,134047004
1054,美国,亚利桑那,坦普,134047005
1055,美国,亚利桑那,图森,134047006
1056,美国,亚利桑那,优玛,134047007
1057,美国,伊利诺斯,奥尔顿,134048001
1058,美国,伊利诺斯,奥罗拉,134048002
1059,美国,伊利诺斯,布卢明顿,134048003
1060,美国,伊利诺斯,丹维尓,134048004
1061,美国,伊利诺斯,迪卡尔布,134048005
1062,美国,伊利诺斯,迪凯持,134048006
1063,美国,伊利诺斯,东圣路易斯,134048007
1064,美国,伊利诺斯,厄巴纳-香槟,134048008
1065,美国,伊利诺斯,盖尔斯堡,134048009
1066,美国,伊利诺斯,卡本代尔,134048010
1067,美国,伊利诺斯,罗克艾兰,134048011
1068,美国,伊利诺斯,罗克福德,134048012
1069,美国,伊利诺斯,诺黙尔,134048013
1070,美国,伊利诺斯,皮奥里亚,134048014
1071,美国,伊利诺斯,森特勒利亚,134048015
1072,美国,伊利诺斯,斯普林菲尔德,134048016
1073,美国,伊利诺斯,沃其根,134048017
1074,美国,伊利诺斯,芝加哥,134048018
1075,美国,印第安那,埃文斯维尔,134049001
1076,美国,印第安那,韦恩堡,134049002
1077,美国,印第安那,印第安纳波利斯,134049003
1078,美国,犹他,奥格登,134050001
1079,美国,犹他,雷登,134050002
1080,美国,犹他,欧仁,134050003
1081,美国,犹他,帕克城,134050004
1082,美国,犹他,普罗沃,134050005
1083,美国,犹他,圣乔治,134050006
1084,美国,犹他,西瓦利城,134050007
1085,美国,犹他,盐湖城,134050008
1086,美国,佐治亚,奥古斯塔,134051001
1087,美国,佐治亚,哥伦布,134051002
1088,美国,佐治亚,梅肯,134051003
1089,美国,佐治亚,沙瓦纳,134051004
1090,美国,佐治亚,亚特兰大,134051005
1091,英国,北爱尔兰,贝尔法斯特,231001001
1092,英国,北爱尔兰,德里,231001002
1093,英国,北爱尔兰,利斯本,231001003
1094,英国,北爱尔兰,纽里,231001004
1095,英国,苏格兰,阿伯丁,231002001
1096,英国,苏格兰,爱丁堡,231002002
1097,英国,苏格兰,丹迪,231002003
1098,英国,苏格兰,格拉斯哥,231002004
1099,英国,苏格兰,斯特灵,231002005
1100,英国,苏格兰,因弗内斯,231002006
1101,英国,威尔士,班戈,231003001
1102,英国,威尔士,卡迪夫,231003002
1103,英国,威尔士,纽波特,231003003
1104,英国,威尔士,斯旺西,231003004
1105,英国,英格兰,爱塞特,231004001
1106,英国,英格兰,巴斯,231004002
1107,英国,英格兰,彼得伯勒,231004003
1108,英国,英格兰,伯明翰,231004004
1109,英国,英格兰,布拉德福德,231004005
1110,英国,英格兰,布莱顿与赫福,231004006
1111,英国,英格兰,布里斯托尔,231004007
1112,英国,英格兰,德比,231004008
1113,英国,英格兰,德罕,231004009
1114,英国,英格兰,格洛斯特,231004010
1115,英国,英格兰,赫尔河畔京斯敦,231004011
1116,英国,英格兰,赫里福德,231004012
1117,英国,英格兰,剑桥,231004013
1118,英国,英格兰,卡莱尔,231004014
1119,英国,英格兰,坎特伯雷,231004015
1120,英国,英格兰,考文垂,231004016
1121,英国,英格兰,兰开斯特,231004017
1122,英国,英格兰,里彭,231004018
1123,英国,英格兰,利奇菲尔德,231004019
1124,英国,英格兰,利物浦,231004020
1125,英国,英格兰,利茲,231004021
1126,英国,英格兰,列斯特,231004022
1127,英国,英格兰,林肯,231004023
1128,英国,英格兰,伦敦,231004024
1129,英国,英格兰,曼彻斯特,231004025
1130,英国,英格兰,南安普敦,231004026
1131,英国,英格兰,牛津,231004027
1132,英国,英格兰,纽卡斯尔,231004028
1133,英国,英格兰,诺丁汉,231004029
1134,英国,英格兰,诺里奇,231004030
1135,英国,英格兰,朴茨茅斯,231004031
1136,英国,英格兰,普雷斯顿,231004032
1137,英国,英格兰,普利茅斯,231004033
1138,英国,英格兰,奇切斯特,231004034
1139,英国,英格兰,切斯特,231004035
1140,英国,英格兰,桑德兰,231004036
1141,英国,英格兰,圣阿本斯,231004037
1142,英国,英格兰,索尔斯堡,231004038
1143,英国,英格兰,索福特,231004039
1144,英国,英格兰,特鲁罗,231004040
1145,英国,英格兰,特伦特河畔斯多克,231004041
1146,英国,英格兰,威尔斯,231004042
1147,英国,英格兰,韦克菲尔德,231004043
1148,英国,英格兰,温彻斯特,231004044
1149,英国,英格兰,伍尔弗汉普顿,231004045
1150,英国,英格兰,伍斯特,231004046
1151,英国,英格兰,谢菲尔德,231004047
1152,英国,英格兰,伊利,231004048
1153,英国,英格兰,约克,231004049
